twitter_user_id,bluesky_user_did
1.00148462687407E+018,did:plc:c2wl5qojxhfrld3vpjpnjlje
2437156646,did:plc:mpzun7grdotnvasfybzzarnw
2965150132,did:plc:c5jvrfopuexduroe37qcud5y
1.43920688543825E+018,did:plc:eimex5yu2lndfbecoscxat43
1.39309044259869E+018,did:plc:nvh5sgtcc2atqnfap6heg5ro
2865739077,did:plc:tdpmyip3bbpbqzfabmwhnu7j
755534384,did:plc:6jb5sv7au24pqs6vbwonsz6e
8.27532801037705E+017,did:plc:hw3wgz3v4tenakkjsjmzlcb5
13753532,did:plc:cvusdxdgswdpmsrahznehe55
196718277,did:plc:ieluhsllcmpkuopalzjxljcm
7285232,did:plc:i6fjmlvvrrygdirj4bfqqcbp
16308186,did:plc:jpn4sxyz3mk7337pbfpdnfee
9943242,did:plc:ocbs2gfetzyohngqugzlawrc
72718118,did:plc:mayrsqxlw3eeio75ppblpknz
1.05886397665688E+018,did:plc:o7b5zb3slsm76cptnast5gzz
3154157932,did:plc:kwujpcyidiu7dlel6bmodwyx
1581870775,did:plc:sxnca6nncdtb52klrovwzyq3
2934105704,did:plc:2jgwzf4yid43mnzdba34jsax
1.65415362319718E+018,did:plc:tbwmjnu3kzyktjnjdis2bcc4
9835742,did:plc:2vjgppx4sogijfl5zhrbugfo
94090412,did:plc:fgb4x43ssxvewnl4uzxwxkxt
1598681,did:plc:4iwhrge7pdmlupkifnlo6gab
3379313068,did:plc:zbflevr5gm36a6yoglnbo3ai
16585958,did:plc:bxurlk32lv6o225kyofz6adq
67824274,did:plc:c5uq7x3p4rdhvcxz6rpry226
1.39964754168417E+018,did:plc:di3fpd4irufeqv6ioqtqizxe
1.11219947128951E+018,did:plc:tvyanl7pmwsb44i6fs6qmejx
241863868,did:plc:yzwpgnurpginbqj464yfih3n
108446116,did:plc:tvle7jxkaw2xsfhj5kb4g73m
97504885,did:plc:qe2sgie6a3r6v7pxpzgtycxg
7.58261472065626E+017,did:plc:6petome3zss6wqqrsw2oss3s
1.14379715002496E+018,did:plc:n4lbnne237b33mvpyfxtgnct
29558030,did:plc:w45y6oyrsry3ewa5qu5yniay
174262288,did:plc:nqmsu3un32bpaz3lykap7dg3
1.57183140966012E+018,did:plc:ttvncudhupxlbw3kqgmhe75e
1.02859620702164E+018,did:plc:mjy2qhuyix6fl64lq5e7onfy
1.62160332722917E+018,did:plc:fp62pqcyhqdh64d6di7p5lht
1.28857116584641E+018,did:plc:dvra3gynucm2xnk4icbypgor
1.04212509118475E+018,did:plc:g3uswmhnx7p2b75ziithekxg
1.60312193678713E+018,did:plc:sqhfll6ctvzidrtnflwhr4t5
27686676,did:plc:obewhihind6h6hfyjvvuv5v2
1.50818863626049E+018,did:plc:4wji6zw6kt34bz324bf7vrzn
98061678,did:plc:hzuerdqa2lguylpucxb7lt3s
7.31286030796591E+017,did:plc:6bb6w6z26hkllzndren5je7t
53040260,did:plc:7gh7aullskqty3qw4cilhpcx
217976219,did:plc:izpvobztzdt7oppmgkzceay5
1.38988671232359E+018,did:plc:haok4tm7sdgofsayfx5dmwhc
1.01147380601409E+018,did:plc:frofzf4xcgdl4kvowmdpjqlc
1.50600254140605E+018,did:plc:rivbee6mfjetayu6fvmhqe3m
1.42611150258353E+018,did:plc:rivbee6mfjetayu6fvmhqe3m
1.50735466117459E+018,did:plc:el336cml43w4qltf43c5xeau
1.19733550957347E+018,did:plc:m6swelohmszyjjvi3e5onofw
3157219778,did:plc:acxaxpjo6md5st5ufvraqcob
14248784,did:plc:baz3nw2zdnyfllf2prg76ukv
61318741,did:plc:pebshpnsybbi7mlxhgurg2ys
8.2068136836753E+017,did:plc:fjtwvaudmiho3v7grvenftpv
15522100,did:plc:lifomyav2alrumoneau25i26
1.26105881750213E+018,did:plc:zmks3ykft2ru6rkghfsb5rqv
383495159,did:plc:7bexgfw6fwak7hho6h2kiapk
8.95800984357568E+017,did:plc:lbssgpqyydwtgnqva2znjs3r
14833397,did:plc:i3bauhmsixt5j33pnr5g7475
7.62006105660744E+017,did:plc:3f4m2cwiphabtr7vam3uzgw3
15496407,did:plc:guiqa7we62adfg3bsx6vlbpt
487208141,did:plc:ohrghfm2tnjqyyxjh5y3224n
1.67460637204088E+018,did:plc:rubgbxgyqznkdgx57qfvt4r3
634701236,did:plc:m52czdgn43hqqylkdhrwxs5e
1.56553996311397E+018,did:plc:cqannxhlajx2ip6po6dzlcaw
1.06066821195022E+018,did:plc:53lsmtrqlkdnhykl4px7zoov
36036100,did:plc:nf5wtp5udyt2d6f5ebew4ehm
2474591527,did:plc:ltuim2yddh6h7zlrhrdcqzrv
119719184,did:plc:2pxxxhyms556m44nqtcgb6eu
39768084,did:plc:ptmksufyx6sbtbzsm22jq6vv
1.56426646511668E+018,did:plc:3pmokfckq2aggp24d7vmvpys
196945805,did:plc:xccpa4elenunwr5d66c54vjc
55969438,did:plc:nb6frtdnsylyrrfpllpaf3fk
84293048,did:plc:rdmm33yrc773ynixd3wnk3cg
209256131,did:plc:covviml5rouanz77wpz5gln7
4889731497,did:plc:6ieyoh5xknxstcqx2s3r2nrg
1.59550774660597E+018,did:plc:drvmjdtkiqed2qylhn66fo6r
127469725,did:plc:m3x5jrmed65ntibevbiqs56m
252897050,did:plc:k6crp64xrd57cx437lpftwvh
9.13062226596E+017,did:plc:nnqhqi44kfo3r3yu7yo5neog
360729913,did:plc:utwo43etka6ns6lrbzko7gz2
1.59906028879137E+018,did:plc:sv5ouwjbhvumsv2murrq3uwg
1.34138090092856E+018,did:plc:ahh3x4oicszf6isam4wmp2ca
44566350,did:plc:ger4i6ukfhhhry5imywvjhli
1.57715622629891E+018,did:plc:nl43qaie4flfaoc3wsnt7vum
1.23930245548734E+018,did:plc:ulfdcf7alovitm275xl4q66g
1.55496317946102E+018,did:plc:uwrsqxrqkifydw5qrhsa2y6l
87192313,did:plc:gt2hccgsfqrdwk54tr6kpx5z
172517365,did:plc:drckogi5qlmhiv34rr5ztvrz
381919736,did:plc:mnbqayz232sx3ix65nnamzwf
2988514627,did:plc:byilqgy5evjgprhz754ix3ti
232318030,did:plc:lqyr6v4eombci2chv6eyyxrp
79751887,did:plc:ij6rbqwauifk5zvbnrri6iqz
257084392,did:plc:uffkdlljkw4zi7lm4pxhbwia
247182528,did:plc:dgjivcl2tx2my32t3rqg2kjt
25095139,did:plc:3fs2zajjgtpritqlhh5gcqki
4916571857,did:plc:qlagxznhhj72vllz2mh73jvn
94989675,did:plc:uan53wlxeb4rbn64qtgachqj
12583982,did:plc:tdqcjcpkt3sejduwywzw2trd
17196810,did:plc:ycfxurwcbnlqlzy4d2bdvpl5
1.47620963611853E+018,did:plc:bwem54ybygus27svite7h3op
7.09405640498811E+017,did:plc:2wgxqjiwsybl5jqcv7axihq3
2918089872,did:plc:in4jlk7bk6wu4yaororsmdao
97507777,did:plc:hl7xh5yylmxpxmsfdutnputk
1.31847571586031E+018,did:plc:r36o6dg7s6pane7za3gkq7jt
14282793,did:plc:6fkuv7rjwfnhdnu46jwq35z5
36774734,did:plc:e7k7zxdqphxwotnaf26apldx
283426410,did:plc:rzoqflfvsdysq32j7ih6gd72
9.13526424576959E+017,did:plc:fpcbj7z3bcu7qz6teeq4rycd
20113613,did:plc:zg4d2l2gzhdvapfx2s6rykaf
15487804,did:plc:ts7fyeypkotfo3jwawhlfjss
6655612,did:plc:n2szfzmtgu3mpfsvidees4c2
67445077,did:plc:h4i2hpiys7rd5333u5lpc6tv
9.18992476760768E+017,did:plc:dxm7vuwhlsp7gl2bxyra5kve
49779243,did:plc:cdfmpkta7deyhqjkbikv4vcj
15170134,did:plc:bvlwp4mdubr357si7cwulkhh
17124073,did:plc:zssb4cxhr4w7f2upwygjmaee
25890562,did:plc:jjjpby6ff2uy7rlxxouhmrfp
91243583,did:plc:pnwr4mspcsllam4vtrm7ezib
190067197,did:plc:7eofybfjce37hculengfwiwe
16049909,did:plc:xinwoyajyptucfgu5p6jmjjw
23797579,did:plc:ypltukr4zijtddx6sskoisgs
255724982,did:plc:apysevpfko7bhpxyd6l56iqv
165511377,did:plc:uvnsaojku6unlw3zuhyt4lzp
15447522,did:plc:m2xy2cgww4hvks4vu3gjufzl
9550352,did:plc:vcwm64x6kyej6yz4cpemuch6
15978412,did:plc:nx2hxdrsv3mivqwwvkq7xlqx
48544368,did:plc:65qiwr52dmzqu6dpwah7kftl
7120172,did:plc:lzfexurnnb6au6ypjs7djg44
778057,did:plc:rbnonayr4sau6mm2yqt447wj
418,did:plc:ww5jktqqydc4jbuykx3sdkzc
105966714,did:plc:xqbbs34shcevzm326a4rvftn
5373182,did:plc:crqni5dmmialigd5eutwbp24
1606496972,did:plc:w3l5eytbpvrqsaagg3z3n4or
94401193,did:plc:7kjfajnyljidr444i5u525mf
25974152,did:plc:fd674qbbvvb4oqotqfm52vwv
16302665,did:plc:scmhi7r7jz6bbwlywpnp5vsk
3072098509,did:plc:al474m2wxdgnvvlghhlwqehs
7.22117494899679E+017,did:plc:k4hbmlkmvgguglbtqq2q552d
17200003,did:plc:vzr7b2xn32h7zpt26lf23ek3
16130619,did:plc:ae4qhzzgasi53dz5knicl4a4
165798058,did:plc:fzti7xp7vy43jk7wffeio636
1398759560,did:plc:x6ldd7phtshkzcc2zulk6swi
29635363,did:plc:cjsvngmb2vz6cgsqfu3ebmbj
5515452,did:plc:m53l4uve3nz5fjx646kmotwb
1.25027721967231E+018,did:plc:lizd43tepuwfwl3n4kexihwl
20398450,did:plc:2lwdnmh3l7zslksp5mamg432
7.0585020047301E+017,did:plc:4uxkj4km7gifvjdddekt5akf
57499512,did:plc:6bamekdvos2x3s2s6wbtgzcj
7.42453163098296E+017,did:plc:vlstguhnkehdxnyinj4hxlm2
637327317,did:plc:ylfu4f4oxg2nhxuvlka7nozt
7.43836563302421E+017,did:plc:qpwqyr7hpaw2abkhak2ur77o
920491754,did:plc:sxttw4f3ket2uyrrtc5ou4n2
1214528593,did:plc:hvve5fezjuf3zlax5gsrhmaz
182675886,did:plc:7nyt6cyhxcvp4cxcplogg5bg
420100653,did:plc:dbtddtivf65uo3vsy7xowtjm
20799280,did:plc:2gq74q25wxvtfd34zfknnalc
17220917,did:plc:qjzrpzlcmir3bkss4b5nh6ox
357916553,did:plc:jtzxnbwxwbywld23yvnyokzf
27538740,did:plc:h5ipn66nwhss44ni2xthtok6
7.82886223656329E+017,did:plc:i32kfb6t33tgpbfekaml35dc
63826562,did:plc:fukey2sryiz53sqvu2wiuba6
21817966,did:plc:mk67tylccetldy2a5dckpceg
17797084,did:plc:eomy4yba2isurn52ti33zkad
100818837,did:plc:fsthtduh7untnzpwopug32rx
17756081,did:plc:evgc4ukadedre3gwsiwygkpz
2788547730,did:plc:3lgg6t5pvc6t3x7osffiz2cp
221320190,did:plc:25cirq6nartlrvxgia543yj7
106228835,did:plc:zo2vffvtrgx7oeckt4zbibw6
14782218,did:plc:7q4kgsd6zxvysmt4fubggsmv
20351960,did:plc:pejtftdthj6oydcrpgfklhyu
19026735,did:plc:hwb7xa7tn2li2ozdijlw3w7h
16129360,did:plc:kfaxgen4pxdnmtho7tj4tijr
7824172,did:plc:odeus4f2fcfxwdnnnfxwatwl
14742251,did:plc:ofq24qvbzrs2rpr4whylpsxb
2768346873,did:plc:2qwpeisxhznwdjfylihurdp4
19406163,did:plc:5dntkpjyy66umfcksuze3vtm
324780216,did:plc:hzqbe4qv3dknhqj72rt5t2s3
56070554,did:plc:zn7m26drzawvapjihzufb7m7
23314192,did:plc:5wumfhlqk5kuhpjkcftaplbg
102566376,did:plc:37okxnycz5vpkukkvp6wvsaq
703220160,did:plc:3c62d5hxp55rn76xwzazpgwx
6740502,did:plc:tohbgib7cta7k2suifm2mfca
1730703458,did:plc:6da46v7qasijhf2baetbstrn
305928252,did:plc:dtgvl6emzvcnsswwaaa4h4jb
610873,did:plc:dm6po2tazbb6svnt4rwuc3tc
99401353,did:plc:vgu6bu72nbg4vyufuon5mdfv
149402723,did:plc:6lydbdtbcwdyx52vboc42gya
1.12366794022891E+018,did:plc:wqlfkttarslb7heevxdcxr5z
17852894,did:plc:u4c7fiqyke3472njpjgyf25q
18489148,did:plc:evb5uonxljuqhlowrvavl2we
6878632,did:plc:5bkxybwso5a4r5i266b2kvr7
111490230,did:plc:vdabazxnghujbebpi2ektqgi
195009699,did:plc:cgaht2p7xfujbi4fopgxozux
94944176,did:plc:rsadtnczf3rzxk7ldzsgmgpt
80921082,did:plc:rr67nxlydsgw7gwws56bnp6y
7.02586433186329E+017,did:plc:y4i27icvauiqpn6lwzleta6m
21633141,did:plc:u2mtcxqp7uzcg5xikrwexoc6
27182288,did:plc:lqgkvakfw4p2ivibhljk5epu
90406601,did:plc:t4nks3bv6zytddqnjvfwbcuz
163467714,did:plc:k56mxolokz72aud66cjnbc7y
140822682,did:plc:rkh7osn7mdsuvo4znldmvb4x
8.85564911979508E+017,did:plc:fpz5m6bh6vddhwqztnldey5z
15121219,did:plc:wovz3whdkughp6decczypkqq
6754922,did:plc:vjenhfwnqbddlicspafnbjht
112610515,did:plc:565ebob5f6hw33hjdkxty6qj
366222792,did:plc:c3pa7lzzwzr4h4sbcpdsrfxt
14943734,did:plc:yckf47lcsg74nvdrsbcqypst
288934235,did:plc:vccnpnwekxlzegsmm7dy3jq5
255554825,did:plc:ldznw4mcxo6n5fdkaokanemm
88074587,did:plc:inqursdlafmzmv4h6dfd6w6l
1.07203967282049E+018,did:plc:hk4cc4ctfezqcfjksqejgs5o
1.34775902391601E+018,did:plc:hk4cc4ctfezqcfjksqejgs5o
985619029,did:plc:boasbu24tyevdoox4vw3qooc
53789489,did:plc:wugvtfq5dkllq4ks2ua5ricb
29819203,did:plc:mvuk5qvagm4ljx3lwj4vmb6v
160970683,did:plc:7iiiufou3hi2ea3uhn7opym4
195409453,did:plc:ga57xw5qfznpachon7pw6ybo
601147549,did:plc:3bm6kdqanmpvustc3b4aujhc
79540413,did:plc:f3n3mllx2qrqf67juh276zpd
17780992,did:plc:4xex6sya2r2gcpwibkl7fabd
133022410,did:plc:edstd3skq4emsg3u53tnk4k3
902837072,did:plc:hqumypokur5b3sh7ktvyl64l
16163126,did:plc:z42j2hqb2gzj6cjp5ea7oiej
216735143,did:plc:cz3pwizwryzgyuwzjdz4jb4b
5943072,did:plc:qseeyc6iouxteuvcauidio7j
1.29519383725873E+018,did:plc:zru6azc72bppmmgrzyd7q7kg
2962285217,did:plc:cp5tfdiovtpj7j7siwu6i36a
18849368,did:plc:s3vspzg2vjaoykcprmulmq5j
855524894,did:plc:kyghfqt6vadvbbqbu4k5avci
14897792,did:plc:y6iikj3lebwl7k5cyi2fbahv
529148230,did:plc:2wco2e2ybeg2lwpfx3kqjsuv
13260322,did:plc:73klm6kuw5gaxokafhxha2vo
27900691,did:plc:q3eks7ukvdff64atviwlutl5
2353721935,did:plc:ijwpzn3ghv7tuptxv5kdgu5d
15839206,did:plc:ekngkuszdnhqeqgcj7lic4te
15990207,did:plc:rsehvrxo7z24rw2lmm6gkbhk
138559532,did:plc:ibwkjuyuhsypsvbvfoe3jkap
104954985,did:plc:3xe7h5mfme5cx4obuzqxwlrv
7.64132053042532E+017,did:plc:nmv6s6zzpqwuavbrnprhycf3
424141390,did:plc:mqrdswj4kpcyastaqd2a2acv
242368265,did:plc:csaedsooeegd6dclxmuhnxux
13983912,did:plc:r3snvxjdij6cmko7zw37byay
12762142,did:plc:ob2h2jvpnc6ovzwdenv4cghm
61061669,did:plc:i53blsep5u3be74cppe375pg
68676047,did:plc:atdbmignbrjbjgj2ba4axnwl
1.15999134788718E+018,did:plc:tjqlsrsls5tmqft27fs2m5zh
749333,did:plc:ss5ou6bkfyppem3azhlfsv2t
261515114,did:plc:fn5cqpmrj423d4tjqnyma4r6
189028749,did:plc:nrzqr6vs2thmq4moc3q7n5z5
605042583,did:plc:kgysvqx7wziylgmksqom7lx6
59166185,did:plc:fbqgmslwh6blindb5qum7ibk
1575987223,did:plc:yc3jf2itkbmun432vlbafh7k
2467643810,did:plc:2rqdguylhyduc7gnw2cam4ma
14497828,did:plc:jogvllsvcusklzvdk7mgeh66
14617227,did:plc:6nebnswa54camsv6zkrz7xr4
2622959185,did:plc:lmvsvukw2idi256cl3t7lyfg
537783075,did:plc:ag7j3aixly76ncrapvitbve5
133315811,did:plc:jwaipngz32x3qkfni2j2tqqx
17797536,did:plc:vkpeox45fjvt7lxqa5qw33yn
782502,did:plc:6kio3b67qr4axvlq43sq2vgc
17276183,did:plc:3pc6szwxpm4z5d2hagtapysg
430886729,did:plc:hlnzfzmzr6iqqhcfpglo73jd
19802836,did:plc:66ehp4ie3kgs26dyefhzcd5w
7.2103613706666E+017,did:plc:lez5uqanmqh2y43hmug7trs4
8.92060639526396E+017,did:plc:uynvnq5q3xc5w7vtkyajttoj
1703186160,did:plc:jiuxw7exuq4lmw4mcc3owodf
9362492,did:plc:4dyh43mfwzpam5zvxorhlfqs
1.25855029681851E+018,did:plc:2h6kr5nqq5exry533dolud73
612159362,did:plc:litxpd3gxw3iwlylwsie62qn
314336966,did:plc:trajzauptlhftdsopxc5m5i5
9.26236192307335E+017,did:plc:e63gp4dllijio5u7lqeanxwg
33318972,did:plc:r76n2sjemocm2lr2zmgty2xq
576270319,did:plc:k2eo47t757vmrl52hh7i6sbx
1933141,did:plc:hplqc2fhsm6ohd772hkaqen3
279470695,did:plc:dtcqa4isdjgl2wicaej3zcl3
14743120,did:plc:rpm2pvn65x4g4odffru3uxad
792401646,did:plc:5ucyldtoi3lrtyzaots3udou
7.72183251658088E+017,did:plc:sm66g47pbnin43fnatf6dpcp
5798122,did:plc:m56ceqifesvtkgdy75dydgam
182345243,did:plc:wpfeafwwpi2wfyogaeidm2j7
2185255711,did:plc:dkg4cl3wzq7lmwrnuxe6n2cy
2641568699,did:plc:cyfvbzjgogi4dqqwzm2qkyzj
2401442858,did:plc:2bpuzvvaspbfimzrt3zsxybx
49966990,did:plc:wgiqodwkxp2pru2obti36iuu
2374173942,did:plc:sbxd2fz5p2iehenk3swzh33f
23069141,did:plc:lmhif3m7lfr5tjfluhin7ppq
3882596779,did:plc:t5jc6yb6et6bi3xjlclqvxfy
16227829,did:plc:ca2tmkq5bnke4qeycy6smdg5
59327865,did:plc:woyeq2qlmwxz2ljrfzgwhmp6
381486941,did:plc:sxfrx7dkt4ec6katzogk6lfw
88336577,did:plc:accqwz74hwqhniuabjpatcrd
9.1142106843025E+017,did:plc:snatcoghweaoysgej44g4mts
1.00625903485553E+018,did:plc:s2lg73n4iheh6e6hqjsvwlt4
124271519,did:plc:ydcc4lshl4msxv3774lqr2si
3399434044,did:plc:x6ojkibnyka3o7sptbxemr4u
2208906530,did:plc:33jidrxieo7zqrusjaurso34
14789630,did:plc:yfxaffryrhgnsnyc5vkwjjbg
59361871,did:plc:fhtdkuqtwiunm64mxl4fuqqu
19664663,did:plc:kucwe5qriwq3r4em3gyca4e6
52343800,did:plc:4ihjwkczz6dwpwn3x6rja5yz
23818992,did:plc:yktzzztevmgfveh3u4dx3pww
22867917,did:plc:jh4flmbrqcicfuulppdstoth
264623313,did:plc:t6z5ijbxku5lko5uvuilux3s
21911084,did:plc:ju2o6ccbjn52yuyygfxevcae
3439326610,did:plc:e4lhgyutcfwag6kmrkrddzly
15173685,did:plc:qbijusyv4ylr66rzd3woot4k
66437929,did:plc:lho5bz7ohw6t3ysoqumibu3y
15059396,did:plc:ro7hxd5agoocbyhhgs6i6jn6
529443116,did:plc:lpwtgfxqrn35blk47gt7zkhy
37575978,did:plc:no7klxbghdipumg44mep3mzl
860668494,did:plc:shcdeorf2u45o3f2hkaznl7w
185921243,did:plc:w3ajd3lzo3i52fnhv7wsnok4
142771553,did:plc:mxnpejm5n6hsdk6lwuciu5cv
1.18616079404556E+018,did:plc:bhwrlcdtmn2qzxzqrzhv3tnq
610627904,did:plc:yui4jzm6aaqqxeu5jf7au44n
8.806262335744E+017,did:plc:2moeam7ni4chu3nohbcuxkpi
268402733,did:plc:5texsn6ywjwngekdehltylfe
432581911,did:plc:tgw3d4hvw3x5ijrxax7lg26u
17417121,did:plc:4vhu6pap5wzanbuzg6gjmytk
9.96802345009725E+017,did:plc:rystgowrixkh6pumr4kg4b2o
14068854,did:plc:bx7mw7vvjnom2zdbo6t32zdt
6089732,did:plc:grq6v3nmffgddj7y3ittanb7
18367886,did:plc:535ntsfx4j5huzif77txnbek
19762342,did:plc:ojmbkta5v4dxvsxcn5uhssar
18670940,did:plc:35reg3wommhn6sa5ofuawu77
231259958,did:plc:n5f7w4v7l65vjfaljp4727ng
3274121605,did:plc:ax3becgftsc2jv3dxacvtyur
15463315,did:plc:ddkwwmygvai35ieoxu53ge6h
16894283,did:plc:ldqyqk2j2cl7xq63jfr3zcfv
143694663,did:plc:kntvojcbwa7abbgkiurtes3h
457095704,did:plc:tkqh3vxx3h3tyn7lpimprxbt
2233489735,did:plc:argny2v4o2z3r5mwgfr4vnre
59300026,did:plc:55owi36jiks2tiv6ntixnsap
28219431,did:plc:utlcx3mzauhgyucqmjhew43u
2648490674,did:plc:6pdahjqdpi7wtjzvhrphssez
9.00100790622142E+017,did:plc:5tb7nazpk5lek5qv6lrlg2l4
1.43532041773299E+018,did:plc:wwaj3dum7kyiur4lljsjml4n
14523404,did:plc:oad6oh7t4odigvrc67n2n7pz
1.03266478925485E+018,did:plc:773f372dwp2fdsnogfq2xyyz
96752704,did:plc:tcqivrebggtumpluicaihwon
11861272,did:plc:lo5ferbhwihs4pumzgy4cpbj
30724377,did:plc:rxez2chehwelfq4ns6jq3eni
9.43695623827595E+017,did:plc:wfjpujylldi5cnbhqfsujxlh
1.35503979706508E+018,did:plc:must36vwe52rpwqogpiyntgh
213083605,did:plc:iube2dajl4h7hknntpuyoeym
50070206,did:plc:q7gkr2qlksygpedp7a22pwba
15773296,did:plc:qmyhtwf24eg57kw2nvyr2uwd
47308934,did:plc:43ymqaiy24h5nu7shbme4m3u
15274752,did:plc:ogmqkw4g7hgajpeq66bwelxh
487779089,did:plc:ozumysqj54ktkifama3xaxja
1.04443587227436E+018,did:plc:l6fjmbiytms6p2773oghkkxm
117450420,did:plc:sutdz7ckbicr6cdivxfs4cn6
158952098,did:plc:kld27cikcbux2xbakgnw2p7k
2558232205,did:plc:bsd4ang4si6vnjxtmmt7wpj6
4747447696,did:plc:qcxlusl7thiefun7uf7v7ure
317317820,did:plc:k7e3qj6h7s4yoitdmgn3vr2b
551333629,did:plc:5gmjadcbjgfpuqw5smz2y6cg
18105922,did:plc:jud2gamd2arpdvsc2ubfutbz
23054329,did:plc:chhxua2ifiy6gaj3bpnucxnk
15385754,did:plc:d7ntl5tliucd4zqdppjevcfo
738653653,did:plc:zmdjdqp3aaefge3aj7hb436n
3384018370,did:plc:5zd4oy5ebniush2xj2h5tmsp
1914761,did:plc:rafuudgy4wrxvb4h4bsqox4t
115392121,did:plc:wjzazq4cspiytnv5h2cl655z
17404218,did:plc:jeg4a6gwddorvxgd5gg5b2e5
131942721,did:plc:zhkxclkn4hokanjx3l3s6rdr
17085267,did:plc:vfzsp34clqtop6skinbpsmpf
17932204,did:plc:riy25hnhkt4vepy6unwd7ul6
48590619,did:plc:z6nbbystmeo7uhbj57zo4slz
2006581,did:plc:poss7hryzwfxstcewi7vkied
1114735688,did:plc:tfbm5tjbx6vsks77mzrqls6g
14312340,did:plc:cl4n3wsx36g5sn7egkvmu7dg
324760888,did:plc:ovle6aqkjcegnfs73vbuoqx4
1.05335882076699E+018,did:plc:lvo4e5lxiopq2allpsyxo4je
9.98458613046882E+017,did:plc:rcgrkfgh55jxcbsejzkzexv7
18529897,did:plc:42c4x6hmpn4addbsgj26oobc
724343851,did:plc:hxmydl7exlnupkzt2hiui3n7
94628849,did:plc:3wuj4mm5cl556oggem3hmkxj
8750372,did:plc:orkxbxhhfqqhz65cqummf5uq
281424863,did:plc:bzmltrv42dtnfs2ofcemy6bx
1.03781014953937E+018,did:plc:k3hqyhqyljjrggbk73zhlb2j
7.90955981014434E+017,did:plc:ykey2rtozawpewye2gy5ab6m
26687148,did:plc:7q5jh3mrw2noabgsaq45cknj
19122205,did:plc:itmi2hs62k7t2astrwc4pedv
1.32636955825341E+018,did:plc:7234yom5bhj2mixyciltjrft
34995701,did:plc:ckfo6fu3limwhudbr3i4l2zb
8619122,did:plc:b67eyveyr2rnez2yzazx4rqy
709608066,did:plc:s77urqiybb5zsio7xqoqarek
1.14998762563518E+018,did:plc:nw2whnw2tevemde7iuxwjljg
1.2981535825005E+018,did:plc:hmrongvtxc2zz6bvxc4j4krg
7.36542180844679E+017,did:plc:c46x3q3hzlut3pgaadtrm3sb
413798721,did:plc:wnblumsafrrx3h25kvh3sfkd
16308183,did:plc:ki7o6djksfkmfsbrjl3sksih
3027610372,did:plc:ap64sp5nb3vmwgtiyj4makz5
2300353356,did:plc:tmbqz45l6mbfo7lugwcjzn6g
9.23361094768439E+017,did:plc:63ub6wud4usxr4nwqohw7ubm
297573898,did:plc:3m2kz5ia6hkiwtsasrosqgdg
86181183,did:plc:7rxtmriyrehvwf7qoiilqcyx
850490683,did:plc:n6toasuygvzmyzkyzdggkmhh
167956683,did:plc:i6irri23b6vleic4ixccyqt6
17666928,did:plc:seygek7pe3pvxugbws6uctzv
193883484,did:plc:rj7qjtofmdpjdk2zanufc2wp
1.27440632793517E+018,did:plc:5curfzse4ttjjl4vygw5csri
23785979,did:plc:h3xwwc5muuac5uiglxkigdwc
234224004,did:plc:jjvrs3a626swhfzq3czhzvrb
2671023157,did:plc:qjx5y5eozzywpyw23hdua5qe
17161988,did:plc:3lgl6u3lz225qcdkibqluxv7
2258223979,did:plc:xicbh4s7zyh5tvcvprfncnt2
128608886,did:plc:cg2jq4ndidu52mjqfgjggeuy
9.1750386609415E+017,did:plc:6zwsjszejayipvqya2cn3ozy
17718493,did:plc:s5oeor65r2gsoke4flfwlddu
359354972,did:plc:dtps25l4y2skxqilpaywl7ux
1.42570748261001E+018,did:plc:6a46y2daw34bmupl73kfx6oj
7.81367901676794E+017,did:plc:hs2wemlrexaviqr4uj23ic3y
2347831572,did:plc:3u2l5vpcaubnj2hekoebdgzj
1.26744468928585E+018,did:plc:xuwck5eaqdego3v3o5fv2x23
17885888,did:plc:rz2ctwpu6gc6opiy2qsbu4ja
8.89140155071779E+017,did:plc:4s4ivkb523dolwkskbauvcyx
104387201,did:plc:bvdhrnh6fuhd2yjs7x65rjyy
14781691,did:plc:7swbmat32ilhranisls2jjuo
4516493423,did:plc:gqwanfvytj5g4nkwhmhh7zgk
740920470,did:plc:suczrnrvjh7pg3ellzpj5qfc
23258865,did:plc:ywprl5zi5ngeovwgb6ae7bnp
31435721,did:plc:ytwyfes6dus5rk4wpj44tsta
105009063,did:plc:udinijgvzt4ijtn7wqcumlxr
14619442,did:plc:isgitzqbz7g5isimiihtfnno
40754869,did:plc:cfz66rdg4lqdsuc2xpx4nq7z
14376171,did:plc:mn34tjpotc6wyhhisdshr4yq
18622393,did:plc:sevbum6m673v62tacrunc6tb
264483918,did:plc:vpkw7cvu6eu742hvjk5wsxf2
216871973,did:plc:eavhhx7gccqx2sqvf4tg4lq6
4525101,did:plc:3iykfenbw4vjuc76ufokqog2
3059801947,did:plc:r7v7r5ylfpbmfoxjer4y3v2v
6795192,did:plc:fbfsjfir7lqybonttc56bfv2
48370736,did:plc:xykjul4v75r2l6353mshsaez
79219852,did:plc:fvq4zwi5mhpuk7itwjpaxbsl
1925156712,did:plc:2jhpecyiivd33c2ya6g3lrko
36120241,did:plc:3stgiida6lrg3tak4lj7tfhk
254389399,did:plc:reatxkwxwfh2osvbkbxyjktg
714874134,did:plc:evj6r3ltd4u7wfff5uwj7a4c
1.06429604385517E+018,did:plc:2xn3rxezdowfqx7nghqpdcp2
1.19281368162675E+018,did:plc:yjzketowo3yfkfu3wlkixd2m
1.0389298232577E+018,did:plc:wyzv3nyvoy2cz5qrfvz55luo
724205413,did:plc:mmci5ab3to3zs75bf4fjeugg
1.27124993941539E+018,did:plc:rkbco7w2utq2u6vyvwuox53n
5528022,did:plc:6qqjrp5fgv7qcl76fufkffdm
8.21771765940683E+017,did:plc:hkugoujkg437rhlmjz7f4p2k
28037700,did:plc:3q5jczugr7wq7w3bdi7jckwt
3325477085,did:plc:6qqa5pix56badf4rmi5e6z5r
489429310,did:plc:ve3z2hx52zlznebdz3nc3ons
269808929,did:plc:l2pbq52f44pwjiuetg2vmidj
1.03591188500106E+018,did:plc:bxgnagxwj4indvbcwtgq3bct
1.29171149403243E+018,did:plc:6b2es33qsb5lhedkgdbptjmu
942468811,did:plc:wdiuy6bgza7wqi2ipbrl7ke6
1.14696465631094E+018,did:plc:4e5bo43whmdx65nlpxxuqltg
20650597,did:plc:63ntnvwljjgstjsbxsvhwmii
15163329,did:plc:ryqvmdmej4liucwzcqw7jehv
843288530,did:plc:nxanllsnda2w3lxcns2govzj
1.04150606187697E+018,did:plc:4m3zcnamcnkhcdmeafye7ee3
1.24618612023856E+018,did:plc:2znq4lfqe4cj6zeuiequ4iqu
26270256,did:plc:m5n4pjyq4t7zgqd3qy5jbu4w
2940097579,did:plc:wcgcphy5akzyuqy7mqewqspe
22534107,did:plc:37omenthvg6ykk25ue4ebtlc
1611411001,did:plc:py5y7g4cldcigr42o3d5y4tn
4475647522,did:plc:apw5oj2sravjfhmubeeiepb3
583417355,did:plc:5ctsf42gx7vp5zuq54owaaqg
2230417592,did:plc:kohygwy7f7mhkbkoc423er7o
224263445,did:plc:ehqu5cy3blzsc4r3fcvwl3ta
384534865,did:plc:jlosmzr46f4tw6fmtwxa6jd7
14239982,did:plc:3nz77db44xoljfpdov3kf6wo
1.29173952588297E+018,did:plc:jey4rsm5fkdvne7lirjjdwqw
14593296,did:plc:pmykf6goq2ucud752atbjhfv
20579144,did:plc:ctlvebhyt46wr5zr3hspq7sz
17857666,did:plc:wean3hgthlefcssbschwazgb
21283898,did:plc:gyyadbjigmxuqvko5mawwpxk
17172503,did:plc:f652h6qglcshwylcukrhdoev
24809936,did:plc:le5alqokvlxo65jvljdkras5
9.68266618936574E+017,did:plc:xoqaukqhoht3xq3ubr4svrjx
19702547,did:plc:ifpzbxv4tqigkw66tz4yrojt
1.32117716674749E+018,did:plc:cc7tzd4bb5sh6d5taioq256d
15457347,did:plc:sfom6aarbv3s2cafbup3gxhs
326474988,did:plc:blmee3sssscqkd6edrs7dbh6
2516940949,did:plc:w4qlrca7t3grlrdkomo6nhrr
1.03952393683527E+018,did:plc:7mjbn64fshkrr6fr5uzeqzrs
15033521,did:plc:zpbwbprlydhj3d44pqx4balm
352122880,did:plc:7cffkosuv6pkahh6lv4ltqxy
16846036,did:plc:bniwl6bjsocli6idlbiqbvsk
492445203,did:plc:eowq3xanibbwpsknpikxubon
21807287,did:plc:jpqqc665lkice4c57yxw5qf4
310644339,did:plc:lornczv3s3h5wgzlgj4agbow
10007732,did:plc:gfrhdhqfnks5fjiwqo6ub5ws
151274219,did:plc:zn2ouwdwsmgpw4jrl6npntcc
756685,did:plc:iejh7dgutrlf7czxs6zlyjni
1.29134512784414E+018,did:plc:sgsnohmxl3uqcnebjhwklatl
362191186,did:plc:oaiqbq6wudwsdtnk3dekygsb
387722802,did:plc:7uqo7q5jq7kqfdwz2e624bdr
8.49809548730917E+017,did:plc:y4cdwolmryehrkfrf5vux5ox
363209173,did:plc:zv6awumphpnliblm7nlqs572
319397857,did:plc:l46y2olvlpsghpz3o2wncziv
40761277,did:plc:wnsqqq5zodh2oe3gocqk2yek
8.65316879707099E+017,did:plc:6ykajndqngy2kxozo37mpsgc
205595494,did:plc:lvlat7vxe4h2dvdo3rk7wi7a
1.01214197160174E+018,did:plc:nhjecplihskfigzmschxbdmx
22010685,did:plc:i4yqih65sftboupjwcnegqea
1.10111617209379E+018,did:plc:mctinibijuqzuyds2m6p7hmq
220232833,did:plc:xvbzutomsidtoj2bpq6xdf7l
20571412,did:plc:cs5cxezszvhm3xlhiezbrfdq
1.11279893161076E+018,did:plc:abv47bjgzjgoh3yrygwoi36x
9.12332136266559E+017,did:plc:xqllb247h7t66ol5ip5w6zmy
1.03885047292329E+018,did:plc:t2s6giyjm6brni4ww4jag4g4
805991,did:plc:eftrvqjyyb6zywsz4pgnr3ai
30390155,did:plc:xmskb4jylfyolkzlm2u5izua
14170609,did:plc:l2bvvzvzohlmhjhaezxmlfgm
14236433,did:plc:drr6gzqns5e26qa2hrjz2v64
19093889,did:plc:4tfafzvpnrh7he4au7vqrvn6
829901016,did:plc:bxkwoxi66ckl6pt5ty3nck7n
499449485,did:plc:mgfa5ffz3mqh2kd4sum2giyq
23988680,did:plc:66tx33xxnonqttrig6pdbyr5
58413196,did:plc:ed63zp3ko7gvx6cfpxko45mo
15463198,did:plc:2oqctc7s64cbyyvocaexjg5h
75945675,did:plc:sy7pnglkcbzal5d6ro7tt7nh
3149277867,did:plc:u552kctjc5rj3f37rsobucvz
181997463,did:plc:5zkothj3b7l6qgsacubxhhf5
128927497,did:plc:ovjbopdq3qtw4tvgewpthd74
601183344,did:plc:ryvfkazxr7cmxnzsj3q4rjal
8.23121807859479E+017,did:plc:rrmmrpc5jxngwdvr7ihat4eh
2431121389,did:plc:5ygoi5ana4ekdhjpvtdd3bde
1935825170,did:plc:3wvezghxc26uycj2riyjzbbo
2367111,did:plc:ere5wgaqgjuulhxqrqba5j6f
9.72749862222508E+017,did:plc:5rpzbknunw2goqohqjrrfaxy
285769121,did:plc:tapp3xwn2zexrudfsy7homs7
121932886,did:plc:tco2n7bkwxgytivlfjxlx4c7
9144222,did:plc:dz3uaey6t6ss27zn4zncato2
8.31535807869702E+017,did:plc:k2om7iatuv4lujybpcgddtzd
2245810146,did:plc:ithukincs77xshi2db5khogz
183768003,did:plc:qfmd4wnpiiej3oiijvy63fyz
62538284,did:plc:fxey7k3cv5v7tgir4kwv32v7
1.23051831034251E+018,did:plc:gbbu3gzzvakdfeg7fbm7dkpv
21162492,did:plc:sckby2s474b72rruy65ida7z
1.080323416476E+018,did:plc:qfoj4z2dxdnodnz7f2u45pi7
1290087547,did:plc:wyjxoqe5elej4b5gqgo6kla7
91237796,did:plc:vg4sw4dkch6m2exupx5vcil6
1.23739404796824E+018,did:plc:d4lwoptq7yldf4jbjnpjoorn
123151428,did:plc:y5vcpbcls4o3d54rnw6iqtln
50193500,did:plc:hu6pvp2lzmfrefcjawnqy5cx
551604536,did:plc:xgyds25birj5mui544tp5g4y
17840169,did:plc:rvs3lwvwgpod5dakidzdpsfc
84442843,did:plc:fl7cht3r2duibk7el4vx2otr
2204329609,did:plc:jg2o2oiqeg4sjcfmh652y674
1.05809072137331E+018,did:plc:qkumsr5ledf5delprguh6hqw
16614829,did:plc:hvsyvsc3kpfa6x45d7wpmg52
17376405,did:plc:wvk2gm3rncksveggyw7bkz27
1246428841,did:plc:6kthsraop22caoi52phkvjsm
1480211040,did:plc:2nlkoulwchwszvdphvczbgoz
7.27280254553727E+017,did:plc:k2hsol25r6dcbfh5b4hrkxvk
2670307002,did:plc:pqbshxmbmejoswrxsz567is6
264050862,did:plc:phuposic5kiottuwm5iqqp2l
1.27904227493299E+018,did:plc:ldv7gbrnwo3n7y5pwdmbrw6v
22313263,did:plc:s3sisoptdedvn4tp5xfg2dqe
22455367,did:plc:iunx5vwylsklglrg2gim6izb
9.53320723564646E+017,did:plc:23heq3so6hjexfzi32yjn2rx
9.46456427656184E+017,did:plc:ajkv4avb4ttr6cks575toeil
3230343404,did:plc:yeajw77g3od6d6wvapypb5h5
384985651,did:plc:dkdex7ssiuzqpon6utk5llem
119120672,did:plc:ed4ywpcurakurzd4dbnurqrx
1.22728569802323E+018,did:plc:kootvbbszk72i6b4dkgsueko
63517561,did:plc:hegqbxwc5n2f7hgn66br2hm5
9.59515530347647E+017,did:plc:lqflk5pfbjpt7aneka2javrd
3298931,did:plc:pmhczf3sepphp4zvvyz42jib
9.48003288666034E+017,did:plc:3ku7khh3k763h3czdy3s3cw3
1.11917056561555E+018,did:plc:kjsl6b5t5klf5cbtnkyxq3ar
46836666,did:plc:mejot2rqy4w37hcbbl75hdjp
9.39368383836864E+017,did:plc:ssszh7qss5htjbxq62bjlnwm
8.31950042898379E+017,did:plc:pgprjdn7xdfeuop7fyhygd5m
36065775,did:plc:lukp3bgr2vebdka6sf63xzhb
1.25597716437928E+018,did:plc:vsxhnmotuvy72cckvrscmr5r
299995646,did:plc:ngihhea6fp3pn24gw2wv25ki
1.53717565799367E+018,did:plc:4ngcfmuvh3myvu4z672ee6fz
104736190,did:plc:72reohtumo6x3q3shavvsdlz
1.11353701499187E+018,did:plc:aafu2obqgacr35g6qtukyo6l
2245491202,did:plc:dbcg3yhi6xcjrl6bbtjazc3p
14235801,did:plc:bovemqmdmjpcwfssipwpmjmy
22035104,did:plc:idyrnvsiv5nond5owlv3tspn
17549362,did:plc:anvmlnp5muqmxqjudfstdueh
1.02630749508867E+018,did:plc:apq2syjid6i25t7orcxar33a
616703671,did:plc:mhhpqasnlg2hvmjx5uundqss
21676243,did:plc:sxnktcgcqvmjvuwjhg5tmbdq
542762078,did:plc:wi5w6o3mlwywdjmn5euphmy7
14529356,did:plc:bptolm6kjgtmbo5znkyefcpr
153875560,did:plc:46b5wvniwuj4anq756zsbjuv
623706361,did:plc:zs5tjibk2zbrbnuhzbunsdhc
1414834250,did:plc:vktpfrkufa3zd3amcpleaxh4
225296848,did:plc:5amvkjhxd5p6qrsmtuvcpgol
595155157,did:plc:jwjuoetrnzeqz7eic242tf6k
1.38177186073249E+018,did:plc:my3dl2xv55hbu33x75pzqsjw
309402169,did:plc:3ne7ltescqujvlyyppzlbbyh
13452922,did:plc:xkgokneb3dqrgv55j2yxxont
7.95768272754975E+017,did:plc:4x56yf4tlt6mcjqbsgsj4uuv
339120276,did:plc:kcoc7rpgnl64m65ozag34e5h
1445533303,did:plc:i7p4ztdlbge7juytdyz7urp4
181604841,did:plc:ddybcwkmikirgaev2bmwzb2l
1637005615,did:plc:ajzepazq7exqi2d5b4xev5k4
33300955,did:plc:rj5f7f3zjycyk47vi5ifh2u6
14784837,did:plc:y2xhg5j2gjzgvixcszv3m4ff
22409464,did:plc:b3sly74ijecchyebycy6gtgq
7.45023029458182E+017,did:plc:74rhp7uria6jeojgpaddvubp
3698501,did:plc:lxqcjguo4rxiamqy242jslda
7.3276658667153E+017,did:plc:z7wkrqwdxv5q3nyhcanzd5ye
377130418,did:plc:6pnt35bcoeetvqftfy6l7cvp
2161042754,did:plc:u7u663ga6hvc6ohhnj2em5qx
63303159,did:plc:hpweuxc46j4uqsscqdpcwyog
226322191,did:plc:vunergps3j6jcir6wyoorhno
327598283,did:plc:tqehe3dihlcygstgqdpvdn4x
3761848873,did:plc:gnjtflp4e4m4gmgog6sjj57i
42444074,did:plc:a3ybrbabfw4tpq3jpyii4slk
262708501,did:plc:rxegjzjbshknevobjp5ugl2o
18629282,did:plc:nqnegha5wylknoqd4tnuv637
180395309,did:plc:q7kbuf4uu5tllhk3ov2vfbaf
8.98362330202984E+017,did:plc:ywsbv3m7xb35vpccxfiaspe5
75514027,did:plc:7w24pbycm6ywqafx23gcegze
512837961,did:plc:hxfktutk2pva5bmvr5nedlps
1.00116489019366E+018,did:plc:sjvbrxcuj3bkmrns3lig5sac
185496159,did:plc:e6abwce76rx6dkthgxjuekcp
8.59481429335564E+017,did:plc:apofsxvbxahpre3jd6bt7wxp
136336366,did:plc:usnvvwi5rmy7zcqz65xbur6v
2275821,did:plc:6unypvlzzvqgizaa5uibft3s
31587664,did:plc:cg2fcme7nonfcdyvgp4edina
30235089,did:plc:lqyz7mphoyb72d2cqejbvruv
9.74477243773694E+017,did:plc:ykv6ekdxhvbkl47cahzve25t
2188116758,did:plc:k24pzhyha6e2w37mdkruz5qz
401715612,did:plc:6dnqgzqi4kcrjhfsazfgr3o5
52562459,did:plc:a7x5sdes4dr6p3sf3s6b3c3z
14089431,did:plc:bbl3r5bxo57pn5mw7mttuema
1680722635,did:plc:yrinrgrf7vt5uiuakglvk7my
61236914,did:plc:vfbrb5v6s42xwall3f5tx54m
1.23237093018741E+018,did:plc:tru2hgeoememenn5xnsl64on
1.02917573718465E+018,did:plc:vydlrszwt7iydpymcpytucd6
116500517,did:plc:bvqyf7ytjqxpmfjepul4enqy
273246550,did:plc:4fkqieqkc744d6ek5polsw3o
22777733,did:plc:76gfwf2ml7j3djr2gabmwags
26826998,did:plc:lmvcjs5nlu7ncioiadas3soe
8.46846981314089E+017,did:plc:jyj7y6zm3kdfddwbziz7ixbz
15031712,did:plc:yz7qxsyoyfhguozo7hfiuebe
2304100705,did:plc:saqzqcndhpqdc3gk22f5slke
1.54556280610325E+018,did:plc:scz2tvk4n6hbmmvi3ndd6cso
196685253,did:plc:ve2sqyad5mfgtmtjm23pcdo4
1270758145,did:plc:zijqvcafgixq55vpmu7atl2g
1.37768548448746E+018,did:plc:je6als4ctowc4e4f6ikr3sde
1122875432,did:plc:5thkfym74bqggxv4cdb7lzuw
2805685746,did:plc:pj4qxqafdbuj7udh2ttdtprh
1.31563561218412E+018,did:plc:usv6x75xivotsmsy4vw7zcyx
12689052,did:plc:yur4tjudoa3yniwtl5tbkv3z
333488499,did:plc:trzfyimjpvosplhtdx5kgdrx
1.40768745246309E+018,did:plc:2tswrp2pobugyvbadw72yb7d
1.10734707942328E+018,did:plc:dspfs5zv63hlfhuyaxzt7z42
1.08339242993023E+018,did:plc:xk6czwh7cebiogsyfaquzzfo
364501010,did:plc:2kpy3ef6lzxsa4cwyk6rvo6e
54650049,did:plc:6eao7ypiulufe42s5cryvp7t
116292493,did:plc:d4ad7us54sz4kq4dfa7sklp7
55844245,did:plc:5xwc2gblyptycyyw4fd6qvcy
1.1848078632539E+018,did:plc:pm36ioep3esbuajurdqon3qf
186178202,did:plc:cz3trhzcsimbfzloexwymyqr
8.92151661975798E+017,did:plc:5nsqtetgqfllsokk4jg32vk3
1324110907,did:plc:qwp7qehv4ktzsxrwdqcqrkld
1.16869580883483E+018,did:plc:klcnyr7czbr5zzvoepujtbfw
20959178,did:plc:gylgo4o5kqboi6ohyswjv4pk
48303563,did:plc:iqbt24gte3yy4xirk2fvik4p
14227783,did:plc:hcq3w6fvco6oycpqh6i46zoo
1.22600270753587E+018,did:plc:34x52srgxttjewbke5hguloh
512807128,did:plc:dvknrp4575ugmeaizjg2dbyy
164776687,did:plc:jewyelezgu6fvfa6vnnb7oxy
4085221,did:plc:aakho7uah6oavtf4lfuzcjze
41032287,did:plc:i6lafilxhq6o2547yebq36ye
18312089,did:plc:jgv7nr3fjrbqnim6g2gq5y5d
1.22154980849579E+018,did:plc:ayctrxu2l23vou5ik2heempp
360622787,did:plc:uu4ukzzc5x2sx2o4cwpuphrm
26457118,did:plc:5cerxowkkmur3lwhiy7mi5yt
21946225,did:plc:5o6qy7piksgmc5cukcpda5ji
1707493057,did:plc:zvgnw2sx5gvuskf442p4f27o
15388148,did:plc:zu6n3sjvw52if73o5dsxms5m
2453483250,did:plc:elypfjlxtml7nkb5eb7rohjb
855058291,did:plc:rltle7zxnu2vvtt2qromywmo
2465438521,did:plc:6gzpl3tqsrhmj54h26hgajs3
8.79715313486639E+017,did:plc:wwnlcqtnggw2btpf5vumw3yg
16840664,did:plc:th5bdufvz6uorujhrtpm35x7
15331177,did:plc:65yo7ynzcyp4kpwsienyukrz
40144041,did:plc:lq2fl45gagplatupb5ic35fq
248732292,did:plc:gepnxlm5dsqumicjpedxlpig
9.96196106580067E+017,did:plc:wmtx666ouw35fsr5na5gus3w
8371252,did:plc:jhhqkurzpzo46vavpdafpui3
8.89588036010295E+017,did:plc:slyqj6423gpg2exa2btjnmdz
18959371,did:plc:pshjurelgwofkra6reobstn7
16160624,did:plc:2hnpt3tr63qi7zivf3lfsdmo
13523322,did:plc:tk4pldztmrp2jfcn5z6t4fld
7.53409672078565E+017,did:plc:acpfere2wwnxa7335lsclwoh
1.05842079730656E+018,did:plc:wox5djpdfbcpbeeu6w5bnv5s
7.3283739386318E+017,did:plc:ticjobv2x34lcduwziuotpbd
2524331797,did:plc:poz2qitltmshsgutdfjsqy4l
386133956,did:plc:ji73lifhwld4dpm4mpejfjwo
28692014,did:plc:u6wb2jjhjjggf6g7gubzlu3c
1.0580582644438E+018,did:plc:p77berbptmgwauriu5icwp2j
63813253,did:plc:gszztv2jx4at5bpfug62734c
2502754673,did:plc:pfvfptbgy3b3jfes3bgkbbxk
7.15544253821104E+017,did:plc:ykyg3euc2cqlk3ghtq44busd
1.13096185393957E+018,did:plc:odgwu3ptwjfh4ltrc3paxvxt
3044955388,did:plc:eixfiy3nccgbus2nwshac4u5
4716126508,did:plc:p2lkhyo3kk676aalb2jlwew7
273829582,did:plc:lyyzrygr2kzgotpai4fcqdwl
1.21329259029391E+018,did:plc:utg3k6pbl7cnujdcwu7qctsv
9.62057025193587E+017,did:plc:exh3z66ir7tlnhliljysu7ml
3104819388,did:plc:grwjopcjxkmayfzemseflwwt
56613768,did:plc:2v7vdkdaturplgtqkhkxri5p
22648402,did:plc:7pscn5c2xkihbg6uej6mo62z
281600173,did:plc:j2uuaqdn63hamg57ghqzoqxz
14532773,did:plc:mydcqdzttul5uqc5vrrec5cq
1.01805601243E+018,did:plc:hjtkkrb74corfgcdkhekt3gb
63799454,did:plc:2qxlbosxsyjjqxq2lih72wsf
1.06999097353769E+018,did:plc:cmadh7otf6iqznswvilphfko
9.18158958929461E+017,did:plc:tbbj7svix3dy2q7buwlkzrxo
6872072,did:plc:rlyz6rw557fpvagupsww2xle
481489423,did:plc:wplpa5egwmxhrd6r5moiuyz4
48635751,did:plc:mjnrn2c6uvbipqfildgjl5xm
16709255,did:plc:x5yvecq27wcdvf5qxdi4ru25
25901162,did:plc:mgmvlupsgddgefvvzyocuf67
4845940997,did:plc:cunrdamidkn5yimodynbj4sy
42529802,did:plc:joxuj5d2is6fs3g6ss4vey5e
35411984,did:plc:64owr7kbsqtqkwmtoytyweil
1.02832208469764E+018,did:plc:scy3rnquwrlmfj6iyo32betc
1.01357415758453E+018,did:plc:6ted2un2znnnoiijleiudyp2
2595341719,did:plc:klichikguavvlqjqoxttb3vi
2853292581,did:plc:ciqjokgejtgehjtydvg2m3xm
94648321,did:plc:bau7oelrm7xsd5dlwd6o6bz5
27730813,did:plc:n7zoecnex55sb2w76kk2o4nv
1.18271770120397E+018,did:plc:fscbdmrjprzpx6oy4mjcumpz
15440286,did:plc:ictomsyuj63jvdm2cv2uswzz
103982311,did:plc:tbmc23ytfnwrldlqvzncth2o
200244664,did:plc:xf6dtqernejyzcdz7v3qeltw
153856511,did:plc:t2gs564lv76a5ht55znt4mnx
3041768317,did:plc:khnjgjjamj77mi4rhf6paysv
1.12958864252199E+018,did:plc:wyceperrwoan32pv5qzvy63z
54055347,did:plc:otewbs6g73xx2m4pzgbxcvfg
281773211,did:plc:q64wobtmyyrwzqtzzza3f4uv
292490806,did:plc:ix25omtpgpxcf4ofhkvwi3i4
1424899820,did:plc:bkuwrece2jdcpzweo7p5xq77
67699236,did:plc:nmvqeslupjciax2dd7ht2s2l
8.52007658156458E+017,did:plc:hifnwob5j3ruqdsoyqw5q4uy
31108470,did:plc:3shjei5qlp34cygusjrkh6mr
17803555,did:plc:r3s7p3jbks6jkq7tzz2y47e6
14053603,did:plc:ekakc6ukwom6kbkhttmf5iot
25028483,did:plc:xv5iijw6qkxttphnumfxtahl
3008322017,did:plc:vfrutbezus35tdgurrtnjahd
475906106,did:plc:b5xl4twuzw5emfeeyt3q2wam
22873606,did:plc:cii5p57ebly7hsafiutgauzp
10198822,did:plc:7baosnn2vl3uqhbvkxxmrpuh
21934122,did:plc:hggrgx7xz7mpe4o3ndorblby
9.19405176385102E+017,did:plc:tf4fco74qc6nxbp77t43lwkz
8.89534367353242E+017,did:plc:agt2e26s3vkosczg4j74wdyc
995851538,did:plc:cp66aywkxszwp2agmmvxolgv
115792387,did:plc:mzd3irzjwqyazrt7s73ljzmv
759186,did:plc:ss7my2d633xvutojmlia2kbr
39221095,did:plc:qxgitxumizw5bn3dpbtpjxsu
16415036,did:plc:xdrb3zufwhekozyb5uld7bv7
3572757192,did:plc:tpmhavzohpeig5navcvguc4j
1.30728131058772E+018,did:plc:rwenlw3xpvvb3sacev2wg4fy
16651774,did:plc:yfirzrvrggm2qjmxb7t4z67k
26122300,did:plc:guj4gjc6yuliyzxwvcjt3gan
1.09082415928494E+018,did:plc:4p2oysmon7rfuu7h5g4xtvzx
25861440,did:plc:by7merh2mc422fdqkfs2glos
355376897,did:plc:dgq3ao2gl3qr6iwijcj3ltmz
1.10743649085689E+018,did:plc:jn2c6bcr5rcwlmfcfn5k37sm
12255442,did:plc:g2qnt6hojwnuwyrrkkaixxhg
59080032,did:plc:j4pnnlh7oj6zjw34bv7huk2n
24383455,did:plc:xmtaueiyfslo4bewjcpdcp76
3036404074,did:plc:oigmhvb2ujtirsabyz2a6igg
163544781,did:plc:xojw2osevop55a2nqwxfmgab
8.51096468727493E+017,did:plc:twqpox3wrt45bcovc4hxco7v
1959701394,did:plc:rsnrq6xmztkrv3n6a2334jiw
20574326,did:plc:52yrufslecupzq7cchoxp2a6
15338525,did:plc:mb5kbml6euwv7yubdb7zmroy
1.18934349785518E+018,did:plc:tpyynkuxkzlkeh67dkie6nsa
1.02220422353727E+018,did:plc:akj3n672tex47xi5zx7qt2xu
2176354829,did:plc:ksltegtrtfqfkwzwpccvj3vg
16478410,did:plc:g2ps4tuk6srs7lm2xunfrdjq
1.08493795577538E+018,did:plc:vjuvfegg4iqwwbdnc4efpwoc
4773305188,did:plc:fgomiqv5zm26ubqoa6d6astk
1.4283890407898E+018,did:plc:rweeaxhgjih4774gjibrky3s
281809392,did:plc:fah32xiwtci2mo2z235rpjoi
146990633,did:plc:tbdil72s7qe4goucu7bmolvx
2357332807,did:plc:fo3evj4sxn2vgntqrx2ynbe5
465836592,did:plc:5m623qzgcehebqzjsecbna7o
1.34789029460439E+018,did:plc:3bmfbtfglo4wsvikx3axzyt7
14169740,did:plc:dopd6gqm5ho4uf67v7gs6llq
336219347,did:plc:rc3djr7oiu3g77grat4jhzpa
13010212,did:plc:4yejhfkl3tumnddnl4lqkvsa
2178381,did:plc:qngezsuwj4yp6vz3rcr6aa4q
1.19748138117503E+018,did:plc:3xjwldy6gyzkdwvpnh5cspf4
2215842863,did:plc:dsavnhxq227j4jazy2lt3hx4
14978234,did:plc:uhhtoaeqm7nssmw5m3omndf2
3947737093,did:plc:szgi4xxzb3ncutjbfh6zcew7
16212768,did:plc:uhfoebytzvplyk2wayz7smoz
9.55811266584556E+017,did:plc:5j7o2wzzpxbshkkb245icknz
7.53292415251853E+017,did:plc:ksolpsjhv5bz3xzuixrbgae4
20115368,did:plc:ocakzaba6tjbfny4fcwoa7p6
19986202,did:plc:ygpwz6bwxlgnfctobxn62txz
55586541,did:plc:6w6sdvcwroeis5ftvixx5tby
9.60012569808392E+017,did:plc:o4lgpcadiowuh2wgcvfj5yzu
2695614038,did:plc:i6qhklvljzjsclf7szk3oewm
9676232,did:plc:kmpph3qkr4nttcwo3e2fiqrn
77931813,did:plc:m6qnp744rzer5xf4zmmdknad
1.32351614206606E+018,did:plc:lxi3fxcz4thwz4zpn4x3dzns
35916529,did:plc:waqpcaqbjmckvjfpy63xusp5
18050721,did:plc:maldz2avjwc65hpb3lmmo7ai
19780916,did:plc:g7hjslpwyslpsw4pwf4af4v3
19064584,did:plc:ggj3usizp5nkal62vkfcqood
1.26788286679867E+018,did:plc:22rlcgdxp54curwgdfywqaqr
29599172,did:plc:zhkcqawi3x42rwdcnlcuf3kq
7.17455633331556E+017,did:plc:ymweb7yttj5nirevdsjiaq7e
12504422,did:plc:cjv6id5s4uubdnhesepki3rn
1.35205082757E+018,did:plc:ufuc2pbrllbma2kxvqk2isar
1038359700,did:plc:fihqkap5s26jjoggfl3mi63h
8154922,did:plc:ipvsnvdezybigfo5rbtayb4w
17298036,did:plc:iyujw654xfc72z3nrkdfcbyg
6034922,did:plc:n3zotopysih7jpvo5twgicbn
88539072,did:plc:yrwmk2dq5o6ncmhbx73qtcjk
39778550,did:plc:heykoweolgfih4bklqaunwen
8.69991000562946E+017,did:plc:56a377zhb732e7xaw2iotj7j
37835162,did:plc:7cxlatpcldbjz7rcsfnqjwie
62836949,did:plc:bkifcwnxscvsydc7getsnfz7
1131489072,did:plc:thfisjjykndt527v2zgsfe4m
3606329592,did:plc:6vqeghjslrmslglksg4y2rsp
14153382,did:plc:wwbgjlnzkfs2ic2ed4hzrnyv
9.33408250661183E+017,did:plc:ah3j3in4wblokt7fjmuckomu
373214555,did:plc:p63af7groocxq6mhwwmbfpzw
1.23486949498993E+018,did:plc:zi6vqnjderpa766p7rgidjky
1204231321,did:plc:bln4loase2zucx4x7dwqqjlg
4199896573,did:plc:dgmwhbtcjbexpq3kzcs6qgyq
22233184,did:plc:lndl7o4hdoekcg4ekjxewczo
16008617,did:plc:oonxdr2tiohkforlk3w7t2x4
1.2580921590242E+018,did:plc:pqegbmddhpq3kexsxxf6zvy4
2471800384,did:plc:uw36mqf3kfgul5pldnorkuqr
4194041,did:plc:6s3j4suji3tbjcaemvftbvol
13507702,did:plc:c4kn5enx6osvnc4puemoyp7h
176287481,did:plc:2tpacw3w6goku24p2on5ahzw
49347811,did:plc:ihl3jxoclhqzjurdhbitgx65
1661648348,did:plc:3ihcqgn3bixfjzu42uyil4pz
265808511,did:plc:e5mwi3s4vljgbo4zzhdsfmin
2928670401,did:plc:4ywalo7sakyjd4hdfvnpi5l6
492964513,did:plc:ggnwmib2heeekqrq7clowmpv
1.50438692534351E+018,did:plc:k2jxtepj2ekkizv62gi35b7u
8.39318427009417E+017,did:plc:qexe44h5jjj7h3kve3zwcser
6151002,did:plc:2rel5yeugrci2eacsbpkxcxh
1757362856,did:plc:ddzyulota3evwmnqri5lxs2q
30758297,did:plc:xq2ypilyk43dwrkuiukiq47l
3373621229,did:plc:i6xoe2wgsehl2oj4hk44hvxf
1.42056354332634E+018,did:plc:akiokecksbdgjcyany35zapn
19888144,did:plc:j6d4tllc4kbcpa7xpizi274p
4270332192,did:plc:a42dtserwtpmwvsphflu7ej2
2478456674,did:plc:sw4qch7bmjp3qxlmmvtva27d
1.12614093834942E+018,did:plc:46hikehysrvrcfcxmlm5bd3l
1.18530931537001E+018,did:plc:6v2o5ui3uvkfrvfbhxr7wr5j
14856334,did:plc:n35t2carpjlxravnb7j6v7dd
1.15699364262572E+018,did:plc:nyroidqlkfew26n66pbvg6bb
14891585,did:plc:wyg3ad7za7ynwab3xx7kbks3
31047448,did:plc:ujnzaremerevxbc67zfjelcs
18344654,did:plc:tn5pkgao2no677xheibwdvsu
1.06598847209848E+018,did:plc:cnddqp7bdwbst24lgiax5kbu
294911624,did:plc:gnwbdo4ukzrdgctlq4h6kjyy
107936566,did:plc:axr5rxytgxqk5lh6rbizb2ci
19317636,did:plc:zdzzsm7ezij56ztsip46x7gc
65215093,did:plc:pqvtsw2lmzwcpmcgdfcljpbl
1.23890553008682E+018,did:plc:3dr5sg7korugsrf6adwpau7n
446604515,did:plc:yqhxs63xlzuk4nyzw3idz5b2
1.45692343848926E+018,did:plc:5iqtme5ib4euz4kkam6rpljw
15778938,did:plc:4wpzbzsuggi3og6gqbkpy2b4
1.08783700302922E+018,did:plc:wjdaolej7qib5kv4yikhemhu
18589442,did:plc:cg2phxdqhjd6o45hafg4v5je
7.34135616519033E+017,did:plc:d5joygxrwyicghnfpwsrx6bi
878720478,did:plc:zn5wzyeehxerl4ft7m7vzrs4
1.27262510909906E+018,did:plc:xfta6cz75tij2nuy57uhoej6
278882357,did:plc:fzbpbrfwq43dphrpokwuctyp
272230417,did:plc:heztgkhkkf6bn2rfkvwcgzsi
19106792,did:plc:rhngurffivqcbwrtwq5wqk6f
77639094,did:plc:6y62rrjoxxa6lsrdjpixtqhs
34828272,did:plc:heix2bn6viwsm5xtfe4a367l
397018262,did:plc:aqqtasj6bw6ctp4o7vq2tpnq
23795051,did:plc:prg2ezqymhty3jm4d7lvsx4g
19910867,did:plc:tjotje3orr3jyc4uues6alir
11667392,did:plc:mnmcyr2qka3nkcmcsvax64dv
7.89580860286611E+017,did:plc:7x6dhszrlkroirxoxsfwll5h
574085791,did:plc:mwmro5zbgdfbpp7hh2u3wsen
140970123,did:plc:ch5u27phct2vn2rnlsb4e7l5
18655031,did:plc:3vgqoe3w4jfct5k4njjzzfgc
114987542,did:plc:jzgzrldziuab2std3bqoh6rj
1473367165,did:plc:ipe6jyegzvwbgcndonebbqnm
1461553940,did:plc:tpivnoclx2iepe4dpjzivtqp
1.14481003483413E+018,did:plc:uuucnwejdsrgah5dxzoqj5pi
14485801,did:plc:w66snqgo36bzljnezctjwimu
8.85306099359924E+017,did:plc:3mucdmgxpvf6lwihewv5rppx
1.00017410357416E+018,did:plc:lcc45ojktsc6bcac6ui4wxwv
7.98161687027339E+017,did:plc:edzzd2ptkbsojvgzrdban27u
354533054,did:plc:yiphaxm242k3iooj7cpjf7cg
81417014,did:plc:jnv7jx3tm4vq6aunghsyvykr
12384312,did:plc:ecp5m3bohzgp2vlzvthwj5ql
8.73580938109878E+017,did:plc:o5qjxjshgkijz2bea5xkf6mn
46735336,did:plc:mdhklulwzumqebq3s6wqdo27
377766298,did:plc:mvfylvcvnblhh7yvmt3k2gl4
17441631,did:plc:uynpich2hsqmryyhr3moz5re
797043,did:plc:ayuxugs6g5csldu4hwsssql2
40917897,did:plc:syuzcekxflec34kdvibooupn
51674020,did:plc:lt5t5776sjfyk4w6rxpqli64
17272619,did:plc:igygze4nxaxo444z6hgxhpta
3020266483,did:plc:omg3ui2vlq4suuz7vrbjwfuk
1340142235,did:plc:g4tiylcuyhjl7fnguhwzrv7u
284355218,did:plc:xl4bjqsuc2lxupiymoj6vhd6
1.30157640708938E+018,did:plc:vbgrvk5q7vgewnzmxn7yhivk
1.33257556745612E+018,did:plc:rhlg6igry672cgq4l7rnvek7
19222371,did:plc:g543qjyhwwywmkv72fcynfip
7.72205333439738E+017,did:plc:zmpwqojzr5yo762pelklwkgw
1.29172743138512E+018,did:plc:brptsa5vnwnzgnujaauvt5x3
1.14110568462225E+018,did:plc:efvoeak67tpji62m23ndv7k7
64960410,did:plc:veuvhayagnas73g7d4mvtd7m
1.38062576551188E+018,did:plc:uw3akumwklkfvviwq7z54xs2
1311846469,did:plc:d67c5jn2afgz4tuey4si3w4r
71091158,did:plc:6jzb63fqghfi6k3wisj3emg6
494216945,did:plc:m3r7gxs775kwg7kywvilkgzo
9.236292819594E+017,did:plc:k7mz6vvhnbufmkrhndsqwu2u
47485461,did:plc:qs4wrslexa2rtgnz6hixf7la
7.97226264251789E+017,did:plc:lrj2sk2j4phz5qt5kspnqpbt
33675058,did:plc:lvb6ckmklcfrh2wcjgzwznj2
16240016,did:plc:k4xvpqg5ouj33jt6u5wlrus2
1.02754284251064E+018,did:plc:pqxnfonin7fxvqpaxv3ys4cf
214962326,did:plc:wnczqyrpcplhlaa23qkp5yla
20321616,did:plc:qeyphnqhl7k6j3bddjtwl5aa
89261710,did:plc:j3f5u5cf2auvy3wvdukikdqu
2596251464,did:plc:5ynbiyrunkoiikfpfkjsco7d
9106262,did:plc:nnyqf5mhcy36hthljczun5ye
185911535,did:plc:cfafut2dhdthgccltjuaxcjz
22106552,did:plc:fyvwqvscmpp4kl2trgit4fp2
293436791,did:plc:uhhzgizelthfdqbt7xjpvgtq
1.21898747611254E+018,did:plc:z43clxph5yykxiozs3ofqlu2
1.08122942431657E+018,did:plc:6224mfxqrfgo4buusrxqvxzf
429218237,did:plc:ghktptobx6w537mreediny2z
35583257,did:plc:mf5b2pa5advsnnfiva5i26nn
1.40465295784552E+018,did:plc:qbnvbv3mk67ozqp4yddrhobb
37970080,did:plc:w62lbmlnhesvs2k4vkjrpqet
325005504,did:plc:mzhrncelvcicnuvszvlkbfnb
1873659019,did:plc:4xaj6zfoevqhowchknxmhysy
2984358514,did:plc:4vumye2ilna2y6tknmpqdwrh
1416646166,did:plc:5cxvjqrlfk2wf4n52vpguzi2
34138933,did:plc:zbulxadmafrmv34a3dz4swyp
3087559613,did:plc:4b7ugz2qaoxccrxo2n5ms3l4
21031892,did:plc:vp3ofnwczdwzuh7yq47v2ybs
1.30165163316877E+018,did:plc:72xc46rhp5zlbkblkb4a24of
2651047838,did:plc:2zpugwwkrejelydufnv25rdd
1223744814,did:plc:gpveax54afwu73frflpvq3sm
7.85285921545552E+017,did:plc:thornjry5av3mtaikriu7hnp
7.52999791190303E+017,did:plc:qasupedi6vhfl7wzamgjyit7
823736,did:plc:bzdtzahpcanpp45ae2pqdm2m
47445326,did:plc:spbdzecvawpc5giq5vf6zmld
30137331,did:plc:6ifajqcl7oy2igemudo3g2p7
480509661,did:plc:oqq66ddmmutoykblni4pybsy
1.01078346242771E+018,did:plc:pt3yg3qxznzor63uayczxvxu
1012809324,did:plc:osqblbojd5uzvfjxacch7m57
223692928,did:plc:6xtss352bsq4rcyr356apu24
212598949,did:plc:u4ipnwn7fpk5nqlshhf3gint
8.10697689251938E+017,did:plc:2nuxo6juoxzxcavbwlx75qsl
147091051,did:plc:5snccu2lqorg422o6ehtp4cr
15150836,did:plc:fbjahtd4pxqcypo5dp5m566r
10012782,did:plc:zdmdqnzaspugnomfpayc44qd
86240381,did:plc:daryd7zopmtfnm6yzfraiawp
14782782,did:plc:utvmji34tlmj72dest3kuiv5
7.93992448364212E+017,did:plc:t57incgptuufh6z7xvrnjkqu
17669521,did:plc:hyswuvpcirqgrqlpbyqzzt6a
1.18349829113848E+018,did:plc:5uezvhvilm3qwvhxpeem7bdn
15358980,did:plc:bzbdggwzyosx5iffteojz4o5
1872571500,did:plc:iz4kzhzbam7poayf76ymehu2
20405938,did:plc:fopsli5fshyyh2wtojawmsre
15652379,did:plc:4zmsnhehtpncfzxrjgzsrkpr
1.13875504648366E+018,did:plc:5wkgs2a4mtjwpqebvjifxsv2
1.22969387140519E+018,did:plc:nda5vg4fyvfy56tbr7jmgjuf
22672887,did:plc:adgjsnxsp6b754qlmutfxn5b
17480360,did:plc:4nxqg3rribdgh7ait6dufxn3
1523823517,did:plc:my27plq5f2e7nlyimif3pba3
141014288,did:plc:7efvin6gjzgv5gge4ok6fb7m
809513358,did:plc:nacvpjzxfzuextpm2eiizu6p
9.53591686319563E+017,did:plc:eaujckex77ofxxcdjqbnqu6t
7.9548270663739E+017,did:plc:szzwbh73mxo2nnry2fng2nav
9.54501711170867E+017,did:plc:zk5n2ih5ruoiw2egh4nzsgel
8.81399503986753E+017,did:plc:piblpkxuiy4dgddz7fblclxk
2396446820,did:plc:5oi26rsabaccbbpbxtxnwdzj
209907266,did:plc:uou2m57cuqqxhl4fdajkovco
1308815628,did:plc:7vr6lyprarcq5mryv2flot6h
73803494,did:plc:qfejluhhg3daysdtrz4tjkdj
3253989290,did:plc:ebnpvh2qn74h56bqgsus4fur
39235778,did:plc:45smyi43kpvsnnfvckasm6yc
14633319,did:plc:tvznjix3sfin7i2xco4jbcwz
417943340,did:plc:ycv7vycoclupwhmoha5reb3b
410914262,did:plc:hxtylpqnglq2rtwwrst4g77b
12163352,did:plc:scppfp4gxifrjzax2pbud3g3
1403561845,did:plc:qnwrertmdznkkexzktkweuvb
224901023,did:plc:lwph5jrnsnquf2ces4rdldkz
8.64847297103806E+017,did:plc:mlcmxm2yy4bryzxdja52373w
766124318,did:plc:nopx3w4fygvc7xnhqewhb2xz
74409264,did:plc:t4jwras3n3trecmnqf5rulew
7.16308228083048E+017,did:plc:h36qdcsouomvd7bqetpovpg4
3260510340,did:plc:czgh3xfekowodva6kenhsboz
20290195,did:plc:inohi765wrvpjrmtqjjfvahj
522509778,did:plc:udsckbtyqmpio4pvee44wm5r
7.05521746280129E+017,did:plc:itcwkknbgsqlpuk6k2cgar3m
8.98130553819419E+017,did:plc:pqanm5bbj3flzq2ue7qtnm7n
14721383,did:plc:xiijlifku3iuaoilar3cixh4
89208601,did:plc:ubyb3ei6kzc4sq4vtf6uj3am
1.05571625597664E+018,did:plc:xldacq3bq4yyokkfxgf2orjp
463943037,did:plc:xy6pydpxmlzte7gkf5xm5jfs
3094635489,did:plc:ud6ek4w63ajw5fkmlhdsplrk
1.17838420745169E+018,did:plc:dn7ivrouy5g3cgad46zi7ycn
19796546,did:plc:lx6kzzn5to2vztdhgkubejrg
1.35592691249389E+018,did:plc:kkmuex236obkfxjlow7vps4a
7.01971139560485E+017,did:plc:p6oosxluttyzhemkzxxezv75
